MODEL_NAME,FEATURES,LOSS_FUNCTION,TERMINATION_CRITERIA,THRESHOLD_METHOD,VALID_DATASET,PRECISION,RECALL,F1_SCORE,TP,FP,TN,FN
230309154809,"[0, 1, 2, 4, 5, 6]",BCELoss,loss,pr,False,0.9394382450111943,0.9795345572566573,0.9583228383620495,10166.558241758241,659.4043956043956,13969.598901098901,204.43846153846152
