MODEL_NAME,FEATURES,VOXEL_SIZE,LOSS_FUNCTION,TERMINATION_CRITERIA,THRESHOLD_METHOD,VALID_DATASET,PRECISION,RECALL,F1_SCORE,TP,FP,TN,FN
230309154809,"[0, 1, 2, 4, 5, 6]",0.1,BCELoss,loss,pr,False,0.9394382450111943,0.9795345572566573,0.9583228383620495,10166.558241758241,659.4043956043956,13969.598901098901,204.43846153846152
230310174515,"[0, 1, 2, 4, 5, 6]",0.1,BCELoss,loss,pr,False,0.9425152073421319,0.9839823748567051,0.9622459580092426,10212.938461538462,622.8351648351648,14006.168131868131,158.05824175824176
230310174535,"[0, 1, 2, 4, 5, 6]",0.05,BCELoss,loss,pr,False,0.9171215662518531,0.9897055611057437,0.9507728323854371,10268.95054945055,952.3461538461538,13676.657142857142,102.04615384615384
230310174638,"[0, 1, 2, 4, 5, 6]",0.01,BCELoss,loss,pr,False,0.8288328419401556,0.7151549746132414,0.7514970798617865,7574.427472527473,1851.643956043956,12777.35934065934,2796.5692307692307
